feature_1,feature_2,feature_3,feature_4,target
-2.964529,-0.543496,nan,0.434884,0.000000
0.555582,-0.622168,0.987405,nan,1.000000
-1.117384,-0.458675,-0.293192,1.937231,0.000000
0.090490,0.228228,2.517474,1.876845,1.000000
nan,1.309551,-1.602260,nan,0.000000
-0.156638,-0.040763,-0.654788,0.446072,0.000000
0.857976,-0.191304,-1.275686,-1.133287,1.000000
0.092127,-0.837398,-0.594400,nan,1.000000
-0.559572,0.465080,-1.560958,-0.297323,0.000000
0.668326,-0.688372,0.897815,1.628937,1.000000
-0.253378,-0.159185,0.203388,-1.008536,1.000000
-0.512243,-0.813773,0.615979,1.128972,1.000000
-0.713875,-1.316830,nan,0.349351,1.000000
0.099477,-0.086101,0.790806,0.344645,1.000000
-0.405269,-1.936838,-0.310484,-0.286223,1.000000
-0.970150,-0.887696,1.335784,-0.191344,1.000000
-2.291290,0.304367,0.072034,0.413890,0.000000
-0.435407,-0.479103,0.790802,1.498374,0.000000
-0.888134,-0.358017,0.803585,1.720770,0.000000
0.548428,0.187974,-1.448127,-0.067980,0.000000
1.743935,0.438993,0.827988,-0.296571,1.000000
-0.594150,-1.446058,0.072130,-0.529493,1.000000
1.076240,-0.845661,0.333070,-0.025863,1.000000
1.951013,2.076981,0.069381,0.160191,1.000000
-0.223859,0.242497,0.176573,-1.084388,1.000000
0.711227,0.793347,-0.348725,-0.462352,1.000000
0.995701,1.059224,1.025837,0.038913,1.000000
nan,0.497161,0.142426,0.690485,0.000000
0.202306,0.844385,0.011426,1.328961,0.000000
-0.408389,nan,-0.311746,1.049340,0.000000
-0.533900,-1.069752,-0.654283,0.427890,0.000000
1.336186,1.247950,-0.252517,0.363454,1.000000
0.235448,1.611116,-1.222374,0.249036,0.000000
0.743254,0.543154,-0.665510,0.232161,0.000000
1.579091,0.159992,-0.118638,0.285826,1.000000
-0.622207,2.060298,-0.225431,-1.277016,0.000000
-0.205162,-2.003522,1.604254,-0.457699,1.000000
-1.015068,2.048756,1.785168,1.136049,0.000000
-0.184862,-0.680930,1.222541,-0.154529,1.000000
-0.125009,1.481456,-0.743588,-0.822250,0.000000
-0.326262,1.427485,1.837387,-0.335939,0.000000
-1.279841,1.681817,1.728995,1.359221,0.000000
-0.284364,0.185326,0.619171,-0.339258,1.000000
-0.081588,nan,-1.615658,0.482067,1.000000
0.477529,-1.162429,-0.712102,1.370541,1.000000
1.436302,0.529413,1.363429,-1.880798,1.000000
1.214190,-2.672834,0.395934,1.561438,1.000000
-1.093471,0.396991,0.060386,-1.302652,0.000000
-1.110431,-0.471525,0.263717,0.052467,0.000000
nan,-0.394605,-0.005122,-0.163443,1.000000
0.480143,-1.744586,0.927438,0.454420,1.000000
-0.016801,-0.853044,0.879398,0.777792,1.000000
nan,-0.577539,1.274447,-0.627588,1.000000
-0.423298,-0.079718,-1.687334,-1.447112,0.000000
0.714396,1.997297,-1.176615,-0.837463,0.000000
1.114592,0.383377,-0.131138,0.348776,1.000000
2.382602,0.420189,0.387703,-0.166928,1.000000
-0.383187,1.461444,-1.107046,-0.894727,0.000000
nan,-1.442299,-0.058411,0.083981,0.000000
nan,-0.012085,-0.210690,nan,0.000000
2.905067,nan,-0.368249,0.341556,1.000000
-0.538771,1.147813,-2.394260,-0.786566,0.000000
0.337575,1.407482,0.090585,0.643939,0.000000
nan,0.541132,0.762926,0.448099,0.000000
-0.319107,nan,-0.202083,-0.577894,0.000000
1.363862,0.895185,-0.719480,-1.502503,1.000000
-1.172007,-0.518280,1.511228,nan,0.000000
-0.458840,nan,0.314077,-0.245762,1.000000
0.538115,1.337398,-0.154506,-0.695943,0.000000
1.165308,1.647394,0.309620,0.589547,0.000000
0.428756,1.535756,0.183234,-1.224469,0.000000
-1.195840,0.486972,nan,0.012494,0.000000
-0.522719,-2.564744,0.784844,0.272370,1.000000
-0.481241,1.437777,-1.162080,nan,0.000000
-0.922886,1.461179,0.282587,0.767317,0.000000
-1.682870,-0.334885,0.162753,0.586222,0.000000
-0.845045,nan,0.344605,0.379280,0.000000
0.471136,-0.533452,-0.411638,1.362643,1.000000
-0.152523,0.383394,0.999824,-1.058536,1.000000
0.258229,1.564718,-0.361770,-0.941122,0.000000
0.816776,0.625085,1.251725,-0.521323,1.000000
-1.601278,-0.794136,0.439637,0.524188,0.000000
-1.457156,-0.319671,-0.470373,-0.638878,0.000000
-1.082427,-0.151052,-0.746098,-1.250316,0.000000
-1.993060,-1.296472,-1.482185,-2.333616,0.000000
-0.471776,0.459386,0.701954,0.138241,0.000000
-0.484030,nan,-0.001920,0.408036,0.000000
0.724283,0.063002,-1.891946,-1.958591,1.000000
0.313514,0.838127,1.996731,2.913862,0.000000
-2.050172,nan,-0.843230,-1.218813,0.000000
nan,0.453966,-0.308673,nan,0.000000
-0.853243,-0.287383,-1.463442,-0.590707,0.000000
-0.232269,0.075713,0.006017,0.448324,0.000000
-0.520588,0.812601,0.241660,-1.774962,0.000000
-2.320356,-0.963638,-0.915156,-0.201105,0.000000
-0.753528,-1.032263,-1.244472,-0.888797,0.000000
-0.113947,-0.840156,-0.824481,0.650593,0.000000
-0.051197,nan,1.797561,0.894213,1.000000
0.225560,nan,-1.111105,-1.171972,0.000000
0.782350,-0.190651,1.171247,0.750869,1.000000
-1.686468,-0.826229,0.247666,-0.179227,0.000000
0.412733,0.430821,2.141648,-0.406415,1.000000
1.249665,0.635371,0.740014,0.636906,1.000000
1.112966,-0.245061,-1.030814,nan,1.000000
-0.933618,-0.205438,-0.950022,-0.339033,0.000000
-1.831406,-0.335607,-1.990812,-1.495061,0.000000
0.295994,-0.371915,-1.756722,0.327995,0.000000
1.063852,-1.141938,0.006339,2.597674,1.000000
1.471492,-2.566658,-0.236850,0.176512,1.000000
-1.382182,0.392827,-1.040544,0.474697,0.000000
-2.147289,-0.162666,-1.062414,-0.529439,0.000000
-0.851537,nan,1.085287,0.366531,0.000000
-0.678264,0.749434,-0.284884,0.197790,0.000000
0.099035,0.930838,1.797595,0.516298,1.000000
-0.448564,0.452334,-1.565759,0.637471,0.000000
-0.584874,-0.046587,0.278864,-1.007893,1.000000
1.727350,-1.533861,0.863828,-0.328525,1.000000
-0.061324,-1.052899,-0.334456,1.300045,1.000000
0.760133,0.229211,0.530065,-0.704673,1.000000
-0.221536,0.647485,-0.013647,0.701664,0.000000
-0.440652,0.032108,0.268913,-0.619666,0.000000
-0.096179,1.128019,-2.280738,-1.496639,0.000000
0.340791,-1.783611,0.083621,-0.556192,1.000000
-1.127781,-0.379807,-0.752892,-0.894346,0.000000
0.232676,0.021852,1.601779,nan,1.000000
1.728698,-0.986857,-0.245278,0.777338,1.000000
-0.166158,1.882175,-0.169720,0.413792,0.000000
0.053155,0.000084,-0.721558,0.316494,0.000000
-0.401993,0.244104,0.273204,-1.139429,1.000000
0.480747,0.446531,0.665385,-0.098485,1.000000
-2.501700,-1.703993,-0.833037,-0.557729,0.000000
2.129247,-1.287423,-1.096786,1.836914,1.000000
0.414409,-0.989538,-2.132046,0.267711,1.000000
-1.674683,nan,-0.053783,1.767930,0.000000
0.336583,0.424966,-1.936967,0.666573,0.000000
-0.371717,-0.893131,0.011451,-0.299265,1.000000
-0.639752,-0.926576,-0.389810,-1.376686,1.000000
0.289359,-0.355698,0.335841,-2.930594,1.000000
0.456775,nan,-0.363054,-0.381738,1.000000
0.471539,1.012716,0.155429,0.351756,0.000000
0.255213,1.350625,nan,0.202797,0.000000
0.069920,-1.076245,-0.751756,0.397033,1.000000
0.434766,-0.376156,-0.133823,-1.374896,1.000000
-0.179611,0.196776,0.820528,-0.393741,1.000000
0.313908,-0.833369,-1.589567,-2.072983,1.000000
-0.878152,-0.334123,0.915903,-1.326393,1.000000
0.908601,0.031086,0.278576,0.013985,1.000000
0.382886,-3.648413,-1.723463,0.451769,1.000000
-0.676017,-0.862318,0.478876,-1.535642,1.000000
1.616210,-2.063238,-0.591103,0.590906,1.000000
-1.140161,-1.119536,0.447814,0.058274,0.000000
0.262036,-0.899695,0.189843,-1.454822,1.000000
-0.337325,-0.142003,0.615257,-1.730672,1.000000
1.049174,-0.975959,-0.910575,0.558549,1.000000
1.065980,nan,-0.158635,-1.035654,1.000000
0.223080,1.433215,0.091520,0.580777,0.000000
-0.189244,0.328662,0.361922,1.320662,0.000000
-0.812941,nan,-0.612097,-0.140791,0.000000
0.296418,2.035073,-0.087094,-0.307083,0.000000
1.287331,1.099980,-0.132229,-1.244206,1.000000
-1.691963,-0.017563,-0.902423,nan,0.000000
0.835111,0.356871,1.463303,nan,1.000000
-0.876861,-0.094263,-1.757728,-1.467045,0.000000
-0.707265,0.968998,-0.361833,-0.489750,0.000000
0.116686,0.218689,0.871429,0.223596,1.000000
0.011445,0.248787,nan,-0.202914,1.000000
-1.563478,0.685749,-0.350952,-1.022280,0.000000
0.315605,1.205854,-0.729084,-0.654146,0.000000
-0.275142,1.494941,-0.865831,0.968278,0.000000
-0.070680,0.334295,0.051142,-0.765535,1.000000
0.713820,0.241645,-0.613977,1.451179,0.000000
0.635151,-0.222223,-1.470806,-1.015579,1.000000
0.131058,0.365474,3.178854,0.851286,1.000000
-0.920850,0.855019,0.639626,0.442546,0.000000
0.252885,-0.503958,-0.628066,nan,1.000000
0.211610,0.886394,0.490767,1.200306,0.000000
-0.012319,-0.220967,nan,-0.027982,1.000000
0.368751,-0.958883,0.878450,-0.049926,1.000000
-1.368159,1.650928,1.723666,-0.179519,0.000000
-0.693506,0.831032,-1.342175,-0.406944,0.000000
-0.570944,0.813764,1.068472,nan,0.000000
1.001745,1.187725,-1.020623,-1.859835,1.000000
1.105993,-0.962091,0.347708,-0.407078,1.000000
0.066546,-0.697424,0.989584,-1.178304,1.000000
1.306002,0.219383,-0.410927,1.106289,1.000000
0.900185,0.739413,-0.159648,-0.652916,1.000000
-0.378163,1.299228,-0.356264,0.737516,0.000000
-0.317907,-0.867005,0.119226,nan,1.000000
0.777767,0.807008,-1.619872,-2.247269,1.000000
-0.869047,nan,1.212519,-0.323792,0.000000
1.667888,-1.103741,0.587259,0.319400,1.000000
0.521167,-0.265839,-0.117542,0.829519,1.000000
-1.093324,nan,1.244947,-0.431339,0.000000
1.820646,0.730775,-1.572040,-0.066953,1.000000
-1.040586,-2.412780,1.610937,2.549328,1.000000
nan,-0.352134,0.532309,0.365444,1.000000
0.030631,-0.484169,-0.327673,1.002758,0.000000
-1.685597,0.538034,-1.034308,0.235276,0.000000
0.582655,1.732312,1.177412,0.439087,0.000000
nan,-0.170408,-0.779482,0.430301,0.000000
0.234401,0.270343,-0.863345,-0.147529,0.000000
-1.150865,-0.087877,0.940289,0.865969,0.000000
0.304717,-1.039984,0.750451,0.940565,1.000000
-1.423734,0.446322,-0.806599,-1.282635,0.000000
-1.023497,0.179276,0.219997,1.359188,0.000000
0.164391,-0.390464,1.847825,-0.174173,1.000000
-0.671140,0.312009,1.155312,0.608761,0.000000
0.706850,0.662666,0.385038,0.556533,1.000000
nan,-1.830906,0.928297,-0.605001,1.000000
-1.322700,-0.997247,0.399774,-0.905479,1.000000
-0.189924,-1.113388,0.579561,0.524507,1.000000
0.276274,-1.412766,-2.310103,0.054354,1.000000
-0.965117,-0.725226,2.128470,-0.821387,1.000000
-1.951035,-1.302180,0.127840,nan,0.000000
1.403821,-0.442536,1.455046,0.131486,1.000000
0.840308,-1.727320,0.434424,0.237736,1.000000
-0.763057,-1.112411,1.191143,0.262749,1.000000
-0.097287,2.093168,1.573355,0.385847,0.000000
0.511222,0.391265,nan,-0.122685,0.000000
1.821299,-1.651759,-1.281069,-0.423607,1.000000
1.089217,1.327686,-0.069138,1.353586,0.000000
0.838489,-0.902927,0.931573,0.384951,1.000000
-0.292171,-0.103488,-0.251977,0.152563,0.000000
-2.409922,-1.156348,-0.293779,-1.072133,0.000000
0.678914,0.067579,0.289119,0.631288,1.000000
0.066031,1.127241,0.467509,-0.859292,0.000000
-0.698930,-1.013717,0.032782,-1.216560,1.000000
nan,-2.251777,-0.826705,-0.782416,1.000000
-0.342786,-1.476858,1.067222,-0.331488,1.000000
-0.238174,-0.266387,0.232170,-0.555327,1.000000
-1.861845,0.029110,0.030917,-0.117611,0.000000
1.905060,0.035576,1.753691,nan,1.000000
0.130275,nan,-0.499296,-1.184944,0.000000
0.548739,-0.187671,0.278144,0.158119,1.000000
0.389692,0.102553,-0.147442,1.588276,0.000000
-1.494406,0.699197,2.052685,0.171960,0.000000
-0.454983,-1.225606,-1.277938,0.172588,0.000000
0.856794,0.841820,0.554117,2.327653,0.000000
-1.581594,1.475949,0.368357,0.846584,0.000000
-0.427253,nan,nan,-0.309347,1.000000
